,ved_signal,daf_signal,source_shift
ax_spec_entropy,1.3690899858762622,1.5003666504174737,0.746278221711085
ax_low_energy_ratio,1.2748062433749998,1.5182161449453273,0.9226728224453895
mag_spec_centroid,1.198479843840174,1.6448261396186132,0.5628054056280133
ay_spec_entropy,1.1198165037388612,1.6733181559140222,0.9610054505141664
ax_spec_centroid,1.0342840010367766,1.1932111627628126,0.5662443490720355
ay_low_energy_ratio,0.9902141227645952,1.623896933186512,1.0553650424649297
ax_zcr,0.8776268855203976,1.0285672480499148,0.3610821700466821
ay_spec_centroid,0.8627752343603425,1.1725672969487673,0.8374509651436178
mag_low_energy_ratio,0.8413293209528264,1.5024921343686188,1.2704808374076715
ax_mad,0.7337884132780385,1.0046335924524221,0.027090618814677846
mag_p10,0.7083573841906933,0.5672217795370376,0.4379020357543456
ay_zcr,0.7071099520266512,1.002372453213514,0.7564705828010861
ax_p25,0.7036788927977248,0.984884503843749,0.04012829183725173
ax_p10,0.6969745008031158,1.2008718345599787,0.2539209637123499
ax_p90,0.6907464699701324,1.1843703345730245,0.25950501708085266
ax_p75,0.6870247041408983,0.9804310474734861,0.04752519813171771
ax_rms,0.6502528121875654,1.224765336721408,0.34249517353188424
ax_std,0.6500529165655528,1.2233231218599063,0.3416889385912907
mag_p25,0.6317149387368148,0.6674378854279132,0.04876487684472412
mag_p50,0.544081036191695,0.8772461940677774,0.4201366336833906
mag_kurt,0.4748054224203162,0.38777267578053815,0.8451179347778294
mag_skew,0.4472654011049722,0.07894639074392742,1.044353503474663
mag_p75,0.42880703503433604,1.1436985117290315,0.7528264491096012
mag_mean,0.4232123891890805,1.0737307263201832,0.7665404749404248
mag_mad,0.4159958787396046,1.219044614242632,0.7673131122182194
mag_peak_count,0.40327466173033816,0.46483776315498826,0.5775315360191633
mag_spec_entropy,0.36635426399645726,0.3556136813948068,1.5568215504662932
ay_dom_freq,0.3598852985273576,0.48619583171727926,0.4226851375189011
ax_range,0.3557811865898641,0.9419850516486411,0.4569999181919582
mag_p90,0.3532010558461235,1.279582364516112,0.9243145414596647
ax_max,0.34825934376980805,0.895627887204813,0.431866859324405
ax_min,0.33540290774736986,0.8909104103956392,0.4518963963500884
ax_jerk_rms,0.31624423687848985,0.1747503554714921,0.29182745962706136
ax_jerk_std,0.31621166973889736,0.17472768349296036,0.29184082316726195
mag_rms,0.3147925325014075,1.1469949241423414,0.9475050008779808
event_any,0.31347127785845524,0.9991276235402482,1.081459994790546
ay_mad,0.3095193314335043,0.8898028647857745,0.6444836267297809
ax_dom_freq,0.3002255473540779,0.5164871405289311,0.38679716506490364
ay_p75,0.29262229851211913,0.8840042378124296,0.625461195426231
ay_p25,0.2869625283776345,0.8738690587586179,0.6373841410502024
ay_p10,0.2782483700731537,1.1735962214287026,0.8713822114942118
event_rapid_accel,0.27252117277657995,0.5428034621113579,0.40712881622111763
ax_kurt,0.27019715224020563,0.023806104079729325,0.5052932814500869
ay_p90,0.2606756791506447,1.155274517643608,0.8687372031843995
event_hard_brake,0.25800460089152877,0.5164228718218138,0.4147362694261778
event_sharp_right,0.2492373050524208,0.8475824593488712,0.9694158955080123
ay_std,0.24378812652123263,1.2168651663061245,0.9900254712792617
ay_rms,0.24375587381592526,1.21803872367361,0.9905072465702736
event_sharp_left,0.24136058238557384,0.8523354722689223,0.9690552231373084
ay_kurt,0.223706409388757,0.06929140035306956,0.7307214113720896
mag_std,0.20772149204674917,1.20810163900436,1.1176775412523525
mag_jerk_min,0.19425461829173932,0.2400940150472875,0.2795028573996212
mag_jerk_mean,0.19136155762908283,0.4672878427207187,0.45037286842223
mag_energy,0.17279945575545264,0.787194301615575,0.8281269841715245
ax_ay_corr,0.13920755502003251,0.036012124655075965,0.3186234316725242
ay_range,0.12429531726549448,0.9421198957205831,1.0678652759486966
ay_max,0.12005845659271402,0.9037921916010241,1.028542320135823
ay_min,0.11767651199215465,0.9055642577039075,1.0215403191660497
mag_max,0.10333109170573045,0.7640119656690926,1.1452926662695126
mag_range,0.10333109170573045,0.7640119656690927,1.1452926662695126
ay_jerk_rms,0.08578879526014022,0.1260300810512871,0.42737219560106515
ay_jerk_std,0.08578162102510548,0.12601578391412976,0.42735274190443956
ax_jerk_min,0.08172484768325088,0.139982985788489,0.26230726145906713
ax_jerk_max,0.08073720506891788,0.13890009809264564,0.2511433762776968
ax_skew,0.05757675296296221,0.03799949421650191,0.04296145245347117
mag_jerk_rms,0.046048551227806434,0.2143401694011496,0.7875635469549523
mag_jerk_std,0.046027806576533305,0.21429172046445466,0.7875583518148811
az_dom_freq,0.04181334640046619,0.003102087440941898,0.5055337148251322
ax_p50,0.028313037306423962,0.022642138464323884,0.012042763405270922
ay_jerk_max,0.023588931310821938,0.10424438003300715,0.9045893362985464
ay_jerk_min,0.022410062470378148,0.10890272426244878,0.9083748001198145
ax_jerk_mean,0.0219379708630122,0.03056137712835524,0.030378915702044203
mag_jerk_max,0.015910411263021906,0.09314939785424711,1.2436746363767355
ay_skew,0.015678346912444064,0.054293204636649266,0.01094567354642269
az_mean,0.015203877863363168,0.008553270444720177,0.005405048547302767
az_jerk_max,0.012476085600729657,0.0014226424797800818,0.8983349095957308
az_max,0.011432338326297555,0.0005706994244932119,1.1782894160824433
az_jerk_min,0.011340334878155198,0.0006286735917950507,0.8802879512151524
az_zcr,0.010761168213403203,0.013821628021001953,1.6226517640063558
az_min,0.010352218414534535,0.0012709062466465591,1.1880163627974796
az_spec_centroid,0.008464915943130206,0.009594997841638274,1.74080447953948
az_rms,0.007772326307502086,5.564215154910014e-06,1.3038194636881342
az_std,0.007646310798513804,5.467740757816247e-06,1.3034941257511028
ay_mean,0.006851327882207017,0.03866063690885547,0.01709741296524653
az_skew,0.006846549962028045,0.005547417166843487,0.05831759497783419
az_jerk_std,0.0065440178124850125,0.0015298542453013203,0.8036355276780437
az_jerk_rms,0.006540895048275318,0.001529939139656478,0.8036403491088724
ax_mean,0.006076125655678579,0.025044513506028068,0.0078099277192585324
az_p75,0.006057238122968173,0.003671462084753459,1.2738742887615089
mag_min,0.005840504741120354,0.0036838147579322422,1.4085816327817307
ay_jerk_mean,0.005471733197865946,0.054325665460301875,0.015486532873427897
ay_p50,0.005177965835580839,0.05272802576221589,0.019253406842039657
az_spec_entropy,0.004457538659294286,0.00349014469287035,1.6142810607758278
az_mad,0.0039566275664797155,0.0035852226225477858,1.2712509497100233
az_p10,0.00196768216948722,0.00044761894198613286,1.2864467349812754
az_jerk_mean,0.0014414878386605592,0.005581768235205475,0.012739630100354697
ax_az_corr,0.0009717035874448212,0.19624327748274079,0.7684586072397506
az_low_energy_ratio,0.0008666528540247769,0.009693131796577348,1.3801392971673954
az_kurt,0.00078861248296137,0.004402009748312899,0.6839638094206314
az_range,0.0007798221783736767,0.0003704462457688881,1.2262680725092978
az_p50,0.0006309201989389672,0.014985947746851143,0.015565507904171091
ay_az_corr,0.0004049061016174928,0.06654495860642216,0.22212751041110332
az_p25,0.00029898359823046723,0.003576509107516386,1.2541127862310153
az_p90,0.0001379814848261536,0.0027548205358133974,1.2764989519495893
mag_dom_freq,0.0,0.0,0.0
mag_zcr,0.0,0.0,0.0
