ts_ms,ax,ay,az
0.0,-7.751489714678689e-05,0.02057481677972685,0.9999402230884852
20.0,0.0015345709331864518,0.022058642654524965,1.0003110192455014
40.0,0.0036846468282486734,0.02062568216783662,0.9981094450682841
60.0,0.008080236695659345,0.01738896235095953,1.0000466020393826
80.0,0.007984115080525104,0.018985028828533954,0.9985556395795631
100.0,0.012003006579380589,0.016890129547327187,0.996178115191872
120.0,0.016890660177613565,0.02160007794751686,1.0012814467458009
140.0,0.016888207665993197,0.017556606794771123,0.9999356355447643
160.0,0.021013105317038892,0.021672208591911202,0.9998644878479002
180.0,0.022711829645117407,0.017962491174152617,0.9983840248072586
200.0,0.024756873619144127,0.02049534715956648,1.0022975177672782
220.0,0.022493531327219846,0.016364395051623876,0.9973992430209411
240.0,0.02927191698614149,0.014354102729156631,1.0002987172375701
260.0,0.02348288306784748,0.01503571998352475,1.0010886537055066
280.0,0.02569190717818136,0.014955037626815484,0.9996323413628696
300.0,0.027078535869069737,0.009140023642140633,0.9986298791040197
320.0,0.030878523553743226,0.018784867671953927,0.9976752340042543
340.0,0.03185391057023426,0.015108592148958358,1.001259520203959
360.0,0.02862478374461439,0.013317074560384464,1.0018865614066959
380.0,0.027701726987332042,0.006604413102690494,0.9982818355341333
400.0,0.027816524260370373,0.008444953863824751,1.001699434111552
420.0,0.026341444998426947,0.011036725163563825,1.0006362391593515
440.0,0.029351249525407453,0.009448750207230688,1.0064474021880545
460.0,0.02252679910880569,0.006825038276694339,1.0016836025661704
480.0,0.021795335735599202,0.006422469101549704,1.0012333439503769
500.0,0.019469947894107227,0.006463247996990764,0.9998220390957794
520.0,0.02068861805352519,0.0015523342390422216,0.9989932387596596
540.0,0.019750921399798494,0.005286982510991238,1.0027803085234657
560.0,0.01983007756791994,0.002517667685967286,0.9985692065420481
580.0,0.01855966139651064,0.001144114684005486,0.9979081031103393
600.0,0.016068926401130213,-0.0008075460679313384,0.9965317617754803
620.0,0.009909048384412724,-0.0005203595584539117,0.9979859125346963
640.0,0.008175433162062092,-0.002126063299227984,1.0014771581954827
660.0,0.0057401765714391,-0.00041332018887497643,0.99839318126217
680.0,0.004061005918221534,-0.0015665200013878142,0.9987101043700223
700.0,-0.00416549623257378,-0.004680794340984264,0.9990405296339442
720.0,0.00033694383298963964,-0.005445899868242212,0.9996229349175809
740.0,-0.0014512009888686722,-0.004834742504024665,1.0003501116034952
760.0,-0.007918283824611957,-0.006843352317324015,0.999616803430268
780.0,-0.0064400342796997485,-0.005476210852569337,0.9989418262583306
800.0,-0.012852563866393777,-0.007895411978548705,0.997583096793775
820.0,-0.016540435829198466,-0.0082219374199224,1.000790508721271
840.0,-0.015858949063288323,-0.010925572110880308,0.9977576506746672
860.0,-0.019975351480159678,-0.01198313954734518,1.0022129999154183
880.0,-0.020974440866634896,-0.014005896458768069,0.9993060379801562
900.0,-0.020913665142682353,-0.012749647151445087,0.9962945144490676
920.0,-0.025631798068363423,-0.015050534351720808,0.9978804909045048
940.0,-0.023314496341494722,-0.014977377889062417,0.9980655372007514
960.0,-0.02841847783316678,-0.01728728086096741,1.0004482866714195
980.0,-0.02781883295318746,-0.01754872076668015,1.0014492454156791
1000.0,-0.02921475208513053,-0.015288663429628833,0.9996019146409714
1020.0,-0.03107064131953556,-0.017161314560515,1.0032386586538165
1040.0,-0.031366048677193246,-0.016849974664775516,1.0008680394073874
1060.0,-0.030482152226432305,-0.017728404628654725,0.9981313951589157
1080.0,-0.03205572067999645,-0.016685565769258837,1.002937964880306
1100.0,-0.029220707237909274,-0.017643746842492546,0.9999968906662329
1120.0,-0.02985209476292293,-0.021579383134875008,1.0045086827102463
1140.0,-0.027736292812840648,-0.02025915021506977,0.9990378223574952
1160.0,-0.024902960163835038,-0.02080567543325855,0.99915862437931
1180.0,-0.026048422058166074,-0.02131423189795302,1.0056183813664505
1200.0,-0.02446469758633152,-0.017917471760090946,0.9998347329691742
1220.0,-0.021981694032103177,-0.022699603725595086,1.003463838282662
1240.0,-0.022542415457106366,-0.018239999033302853,1.0019245475378264
1260.0,-0.019999382669662863,-0.017572194021073812,0.9984393987910131
1280.0,-0.022579176338856366,-0.01930150142451794,1.0013815793702334
1300.0,-0.015990353835057206,-0.020555675501629855,0.9990804558642445
1320.0,-0.015162983239735042,-0.02280282536943276,1.0010471875622304
1340.0,-0.010548561191130349,-0.02007085621245036,1.0004976822818943
1360.0,-0.010980302743353617,-0.020471831689624985,1.0006085436809182
1380.0,-0.0032659618466898683,-0.019652275733404938,1.004694392810713
1400.0,-0.003659353255676608,-0.01766634016959959,1.001354960284617
1420.0,-0.0027547594536069,-0.019422941328385627,1.0004881819086007
1440.0,0.001867903463347571,-0.014609035452898909,1.0014075630396708
1460.0,0.005983572257961095,-0.017574420906702536,0.9998171871175275
1480.0,0.006291538183842203,-0.014522573980862872,1.0019124702833642
1500.0,0.011917155860819798,-0.013667357952681643,1.0018234175451124
1520.0,0.011845133460037007,-0.013575333764994226,1.0043913309525117
1540.0,0.014804079615313312,-0.012490496434966842,0.9985957715205915
1560.0,0.016124371954878182,-0.01390547829239641,1.0012287224706151
1580.0,0.01722032743630587,-0.014411822176490863,1.0012342077469696
1600.0,0.020522647728777633,-0.011800352353336784,0.9994431776675328
1620.0,0.023457544023956726,-0.012928963365816344,0.9984261614137598
1640.0,0.022959173975027107,-0.009508117424864921,0.9976838457658862
1660.0,0.023420925148199302,-0.011579992807471167,1.001001293496116
1680.0,0.030568129627113718,-0.008263215603819632,1.0021646369702228
1700.0,0.0281264442389033,-0.009398149481559833,0.9996512756644579
1720.0,0.028826352346851998,-0.008888849360176584,1.0031310176050665
1740.0,0.03132704265916133,-0.006097306224218903,1.0010817269443717
1760.0,0.028299195800653733,-0.007136236697105749,1.0015080232196731
1780.0,0.028038748874046067,-0.005970919139883954,1.0020097076889294
1800.0,0.03235430537399429,0.0021430059763658696,0.9996523702459874
1820.0,0.026751722567193492,-0.003197174770509994,1.002129114966426
1840.0,0.030256796537803932,0.00014894454592675002,1.0007755673539358
1860.0,0.02966320935250479,-0.0017466209753591658,1.000083913047717
1880.0,0.026409331283231658,0.0034987323424104408,0.9987118300021963
1900.0,0.024255001342241154,0.005466083172955673,0.9986033184263311
1920.0,0.025346288044791134,0.0030252334766218097,1.0003396169837424
1940.0,0.02397427744851141,0.003400423193541451,1.0027515214817473
1960.0,0.02120214185911378,0.0035488876312424616,0.9969645705856799
1980.0,0.021423930407514384,0.004375043543238214,0.9989073711667816
2000.0,0.018152681681375894,0.002670484941586643,0.9983940003250609
2020.0,0.014616768004940864,0.006146036842364299,0.9998475010426945
2040.0,0.015455647605041336,0.007176196697098968,0.9988067196449085
2060.0,0.008763646788876072,0.0077156940423197635,1.0024226215864598
2080.0,0.006266695222699995,0.011354782458519716,0.9973712907982385
2100.0,0.005369428204876934,0.010166797769683985,0.9976601490650234
2120.0,0.002944427090374167,0.00952779442313211,0.9983184722650525
2140.0,-0.0003581471002089445,0.007771170347136488,0.9970491505592748
2160.0,-0.0007992735144104425,0.011106463053136196,0.9962887951869838
2180.0,-0.005507884929972815,0.012293944865521586,0.9997131608025469
2200.0,-0.0042810026840791274,0.014215233341076897,0.9968754433126522
2220.0,-0.008698838430982193,0.015015670707245937,0.9989576949840844
2240.0,-0.013609407378392566,0.011288015451111908,0.9995814058804694
2260.0,-0.015828155842086994,0.014234343888999532,0.9982727253823349
2280.0,-0.013584095804789437,0.02009232310412384,0.998651333255502
2300.0,-0.022618759895020595,0.019277687771106267,1.0025422525753798
2320.0,-0.022451768636851863,0.01868146659005451,1.0014771157905247
2340.0,-0.02449843038757594,0.015621179088606272,1.0034473497331327
2360.0,-0.02165556613408752,0.020101302824198978,0.9977208223727563
2380.0,-0.02565630937936276,0.02485963923430353,0.9995567821566747
2400.0,-0.031460642862604755,0.021876587995353927,1.0024349458175077
2420.0,-0.027273468669253686,0.020856341188607394,1.0001406279905338
2440.0,-0.030845895304584887,0.021026156198238444,0.9984842556581078
2460.0,-0.029985258259714518,0.020639417793310997,1.0003089233050373
2480.0,-0.028801221037048085,0.017045736498689176,0.9989365737924505
2500.0,-0.026641374515012344,0.021406606371719,1.0015649449795547
2520.0,-0.03183021613606541,0.01612437293545015,1.0009790460693455
2540.0,-0.02617082669731645,0.02148818539833012,0.9958085246305101
2560.0,-0.027940625593221278,0.019275391605678417,0.9976845774143305
2580.0,-0.030550470843840202,0.019818540471822643,1.004284326528206
2600.0,-0.02753474172804661,0.018965605174128156,0.9985802895499638
2620.0,-0.02772603361423349,0.016418115841314765,0.9976143508719005
2640.0,-0.024388822868572493,0.014286545123206052,1.0002980931718022
2660.0,-0.02265623376695043,0.017065598296420976,0.9988542061945879
2680.0,-0.017996953284389973,0.018364264698281105,1.0011159426673302
2700.0,-0.018833854285144787,0.020251974251054683,1.0032227944556946
2720.0,-0.018537126092995567,0.018119735660101832,1.000602606468788
2740.0,-0.009063413176206347,0.014569108672345947,1.0025156562984237
2760.0,-0.007928049018677,0.015259162140876057,1.0020140743049304
2780.0,-0.011882624186421836,0.013032240443127379,0.9985161654905973
2800.0,-0.008055723515677998,0.014646025783361057,1.0008337301351296
2820.0,-0.0037482113786270364,0.01246074475745588,0.9991722954134121
2840.0,-0.002520979978490128,0.011186616460010191,1.000069947923771
2860.0,0.0015315906302849857,0.011187140483265464,1.002011831030213
2880.0,0.0053731616919449054,0.0109823710983626,0.9994867283811688
2900.0,0.006461983156099045,0.01122176777275006,0.998709021357342
2920.0,0.008663346541299407,0.012606569009884864,1.001479745432106
2940.0,0.008951573093079729,0.005011475684484895,0.9999348073415256
2960.0,0.014241096895012875,0.006487993315847694,1.0011209148421991
2980.0,0.01528316225615192,0.009380371272423593,0.9993324106263874
3000.0,0.017547226003449264,0.004368942662537779,1.0013259487344734
3020.0,0.023970361296128107,0.0040967685634594134,0.9978511448978162
3040.0,0.023505842440219478,0.0030456214868391394,0.9997455380747559
3060.0,0.02449893985291035,0.0017116396975761156,0.997584255076239
3080.0,0.028446068143365567,-0.0002333585218897696,0.9998178326625261
3100.0,0.024100687081991413,0.0016086028351746428,0.9970626897511624
3120.0,0.02489080140344856,-0.00020840168818887512,1.001388565739435
3140.0,0.029987431433876006,0.0015945942974773249,1.0031346723352943
3160.0,0.029795416086017226,-0.0034011939704249334,0.9931684570612006
3180.0,0.029342114654147534,-0.0023151471194373034,1.0010134389525271
3200.0,0.030011841178357944,-0.002486562181187363,0.998920634845354
3220.0,0.031018176140914767,-0.004073487509057933,1.0000035315102966
3240.0,0.031373681164723874,-0.005018079184227423,0.9984979037620035
3260.0,0.029989139298460952,-0.007020249705150405,0.9965849643495778
3280.0,0.030534877916604152,-0.004155492001415311,0.9996357753627637
3300.0,0.027837587046068094,-0.00846025905478679,0.9985542260459701
3320.0,0.027857002081160983,-0.007234434182347357,1.0005003484413293
3340.0,0.029339275395405026,-0.009648429298634915,0.9997780485504504
3360.0,0.02500531199434126,-0.010516573813099516,1.0009835438433206
3380.0,0.022885185765922616,-0.010961958764051044,1.000985550994226
3400.0,0.02154309632891624,-0.012864253752658117,1.0011059175491577
3420.0,0.01676944142339622,-0.01327334492809373,1.001114672056
3440.0,0.018238226294099404,-0.01753824894390931,1.0020812856366916
3460.0,0.014313016771798474,-0.01612905607196374,1.0016412285893916
3480.0,0.013203035661978203,-0.01644084856031435,0.9984365502525396
3500.0,0.007740547522416028,-0.018111948198696243,1.0019752501411383
3520.0,0.00836912646822941,-0.016763032161548407,1.000587644570007
3540.0,0.006689147650153979,-0.017632107196750027,0.9989926660727253
3560.0,0.000519653270392537,-0.019067146940923277,1.0013665294718177
3580.0,2.389500547456797e-05,-0.020989735291252545,1.0004638158250463
3600.0,-0.006182481479992422,-0.01713725783860236,1.001256304903291
3620.0,-0.008443803197297687,-0.01901355183509013,1.0008793042203885
3640.0,-0.009827752920039462,-0.016954764538821922,0.9979427530512247
3660.0,-0.009881503661971438,-0.02081026934309397,1.0002025620184571
3680.0,-0.010187706224079718,-0.022338090034366258,1.0002201635369652
3700.0,-0.015561989306147333,-0.01605663494834241,1.0035384540144154
3720.0,-0.016074711567417584,-0.016957749801262478,0.9979496999375439
3740.0,-0.021993337701142954,-0.022686772802733658,0.9991833769651888
3760.0,-0.021999693180569668,-0.02026421483392147,0.9985819260094554
3780.0,-0.025480793374472017,-0.019711874358943535,0.9994203593219596
3800.0,-0.024797796679810923,-0.019178951135870436,1.002329711331799
3820.0,-0.02764175671025468,-0.02130942404278535,1.0015991974279768
3840.0,-0.029090895351366518,-0.019037760466798892,1.0023113284087601
3860.0,-0.02621838072621172,-0.022781549073613985,0.9992058911140318
3880.0,-0.03118943460269786,-0.016763055749373167,1.0029410786362987
3900.0,-0.030048850988901494,-0.016907889851614802,0.9956471857768266
3920.0,-0.03051313071853679,-0.017885360994405394,1.0003225930744357
3940.0,-0.031944246493315814,-0.01875268486045924,1.0016139118651062
3960.0,-0.027829510518978993,-0.020776722060857167,0.9984708645790977
3980.0,-0.026588909928605943,-0.015381150742354298,1.0004969492555644
4000.0,-0.03328045156991136,-0.01850863583345744,0.9992978514656307
4020.0,-0.030109343723281435,-0.018808270847823653,0.9988526145729125
4040.0,-0.024655923411693738,-0.013379088406774046,0.9998152699228147
4060.0,-0.0228263452211327,-0.017064194766058305,0.9974987816770603
4080.0,-0.02377785109636251,-0.014674888559707378,1.003115776557998
4100.0,-0.023507327807152024,-0.01192216398983853,0.993838785049775
4120.0,-0.020284122913594632,-0.01064301201964224,1.0005280399174308
4140.0,-0.016805965864204644,-0.015298314404822263,1.003218395330764
4160.0,-0.013287470962479368,-0.009780047265424797,1.0002921227399026
4180.0,-0.012808477646071785,-0.006928237154142703,1.0010830666812263
4200.0,-0.01134677400980342,-0.007881200188105328,0.9985279195279851
4220.0,-0.011109647875777954,-0.00894743047317634,1.0023096673663352
4240.0,-0.005758818874767774,-0.005070310608445636,0.9995681890159154
4260.0,-0.00444759100579131,-0.0059255779589483405,1.0006744906443321
4280.0,-0.002394704602882417,-0.0043394056180740236,1.0023006691940866
4300.0,0.003462151866806368,-0.006093434548590548,0.9973793921689831
4320.0,0.006019566816747047,-0.0019354674321519398,0.9988813521649684
4340.0,0.007270353675469992,-0.0018953670511149276,0.9992100288199374
4360.0,0.009658075911427335,0.0017005565940771683,0.9995368971673425
4380.0,0.010887956087639615,0.00011376741268098782,0.9988223145709404
4400.0,0.012221522196441903,-0.0022873912786532244,0.9981668818510137
4420.0,0.01744987058170144,0.00109585122018702,1.0001354807212548
4440.0,0.021405170644874072,0.002320640263873392,0.9982530775470688
4460.0,0.020618542986223683,0.004277548447938717,1.0042671350859738
4480.0,0.020762617051867664,0.003953627505803059,1.0037980176187107
4500.0,0.025023622775525084,0.007375894434438616,0.9987800963793546
4520.0,0.022692373584481892,0.007274621379577412,0.9998904943682914
4540.0,0.027915674386068498,0.0066422094181911966,0.9982724457604348
4560.0,0.029073479945651088,0.008397985938923257,0.998642685307242
4580.0,0.03294821372576506,0.012018121817240613,0.9997037204494453
4600.0,0.028807280263506044,0.008941799089035614,0.9993586237800123
4620.0,0.03255521644745605,0.01289733177428631,0.9995194452713986
4640.0,0.03055017977039663,0.012613140809872216,0.9991055731162445
4660.0,0.028465415784984946,0.014278950269736145,0.9985515206897102
4680.0,0.03155362503384889,0.012698042929428305,0.9992698785692752
4700.0,0.03045656543027595,0.014792849540056864,1.0000517511673142
4720.0,0.02552524779236495,0.016139924073832884,1.001527458701353
4740.0,0.02764628882868514,0.01452864207665745,1.0008835640743605
4760.0,0.0257061559906953,0.019272750099516376,1.0005900379726471
4780.0,0.02559346764312917,0.016040204403094806,1.0023662195967362
4800.0,0.023806367016033766,0.016271689239318377,1.0000335098961086
4820.0,0.019942511992328216,0.017669518479315888,0.9999337584782656
4840.0,0.017619020770158516,0.015542771303121568,0.9977258767835218
4860.0,0.01625219923281954,0.01533719542599471,0.9977950755932542
4880.0,0.014655811775621719,0.0187281593576717,0.9983255878446659
4900.0,0.012999110126410028,0.020307854542680283,0.999031658538529
4920.0,0.014871294016476001,0.020395019842505257,0.9995656848131282
4940.0,0.006155813469719241,0.0222077565161914,1.0010669362017464
4960.0,0.002610311315272257,0.020248590581420967,1.0005932131350694
4980.0,0.004204194172315469,0.02050764575061967,0.9989630545740923
